City_ID,City,Lat,Lng,Max Temp,Humidity,Cloudiness,Wind Speed,Country,Date
0,Goderich,43.7501,-81.7165,68.04,59,31,9.22,CA,2021-09-18 15:30:44
1,Grand Gaube,-20.0064,57.6608,72.37,81,16,12.68,MU,2021-09-18 15:32:15
2,Rikitea,-23.1203,-134.9692,71.53,80,100,12.66,PF,2021-09-18 15:32:16
3,Paraiso,9.8383,-83.8656,78.89,60,76,4.16,CR,2021-09-18 15:32:16
4,Sinnamary,5.3833,-52.95,83.55,75,16,7.36,GF,2021-09-18 15:32:16
5,Valparaiso,-33.0393,-71.6273,62.83,66,20,5.75,CL,2021-09-18 15:32:17
6,Mataura,-46.1927,168.8643,39.47,99,72,3.53,NZ,2021-09-18 15:32:17
7,San Matias,-16.3667,-58.4,107.44,14,45,6.44,BO,2021-09-18 15:32:17
8,New Norfolk,-42.7826,147.0587,45.91,77,100,1.01,AU,2021-09-18 15:32:17
9,Biak,-0.9131,122.8766,74.95,82,96,5.73,ID,2021-09-18 15:32:18
10,Umm Bab,25.2142,50.8072,94.68,42,0,9.78,QA,2021-09-18 15:32:18
11,Torbay,47.6666,-52.7314,68.76,70,75,19.57,CA,2021-09-18 15:30:45
12,Ushuaia,-54.8,-68.3,38.86,81,0,0.0,AR,2021-09-18 15:32:18
13,Broome,42.2506,-75.833,78.21,70,75,1.01,US,2021-09-18 15:32:19
14,Corner Brook,48.9667,-57.9484,66.36,81,90,14.88,CA,2021-09-18 15:32:19
15,Conde,-7.2597,-34.9075,85.46,51,40,18.41,BR,2021-09-18 15:32:20
16,Kushiro,42.975,144.3747,58.06,96,100,13.62,JP,2021-09-18 15:32:20
17,Guerrero Negro,27.9769,-114.0611,72.59,71,1,16.08,MX,2021-09-18 15:32:20
18,Saint-Philippe,-21.3585,55.7679,73.22,74,50,9.4,RE,2021-09-18 15:32:21
19,Norman Wells,65.282,-126.8329,42.84,87,75,2.3,CA,2021-09-18 15:32:21
20,Sur,22.5667,59.5289,85.14,68,5,14.72,OM,2021-09-18 15:32:21
21,Jamestown,42.097,-79.2353,77.29,83,75,5.75,US,2021-09-18 15:32:21
22,Voronezhskaya,45.2106,39.5667,74.5,71,99,4.47,RU,2021-09-18 15:32:22
23,Hobart,-42.8794,147.3294,46.26,78,75,3.0,AU,2021-09-18 15:30:23
24,Mavelikara,9.2667,76.55,77.76,92,100,4.5,IN,2021-09-18 15:32:22
25,Dikson,73.5069,80.5464,35.17,71,8,24.25,RU,2021-09-18 15:32:23
26,Brae,60.3964,-1.353,55.31,78,17,5.66,GB,2021-09-18 15:32:23
27,Oranjestad,12.524,-70.027,87.75,62,75,19.57,AW,2021-09-18 15:27:57
28,Itarema,-2.9248,-39.9167,88.77,50,0,20.15,BR,2021-09-18 15:32:23
29,Hermanus,-34.4187,19.2345,66.79,60,46,12.17,ZA,2021-09-18 15:32:24
30,Tura,25.5198,90.2201,72.75,98,87,3.18,IN,2021-09-18 15:32:24
31,Richards Bay,-28.783,32.0377,60.48,67,37,4.7,ZA,2021-09-18 15:32:24
32,Vilyuysk,63.7553,121.6247,37.8,63,100,8.32,RU,2021-09-18 15:32:24
33,Adrar,20.5022,-10.0711,98.4,20,83,2.24,MR,2021-09-18 15:32:25
34,Port Alfred,-33.5906,26.891,62.83,61,10,25.57,ZA,2021-09-18 15:28:55
35,Ribeira Grande,38.5167,-28.7,75.6,43,20,16.11,PT,2021-09-18 15:32:25
36,Hithadhoo,-0.6,73.0833,83.25,72,71,1.41,MV,2021-09-18 15:32:25
37,Miandrivazo,-19.5167,45.4667,75.47,59,87,10.22,MG,2021-09-18 15:32:26
38,Kodiak,57.79,-152.4072,51.31,50,1,21.85,US,2021-09-18 15:32:32
39,Tessalit,20.1986,1.0114,106.21,7,91,6.13,ML,2021-09-18 15:32:32
40,Castro,-24.7911,-50.0119,82.53,43,23,8.16,BR,2021-09-18 15:32:32
41,Panzhihua,26.5851,101.7128,69.93,91,90,0.47,CN,2021-09-18 15:32:33
42,Nikolskoye,59.7035,30.7861,49.89,67,95,7.56,RU,2021-09-18 15:32:33
43,Pevek,69.7008,170.3133,29.8,71,99,11.27,RU,2021-09-18 15:32:33
44,Punta Arenas,-53.15,-70.9167,42.91,75,75,8.05,CL,2021-09-18 15:29:13
45,Srednekolymsk,67.45,153.6833,34.36,70,99,16.02,RU,2021-09-18 15:32:34
46,Atuona,-9.8,-139.0333,77.31,78,34,18.52,PF,2021-09-18 15:32:34
47,Busselton,-33.65,115.3333,55.09,85,97,4.81,AU,2021-09-18 15:32:35
48,Qaanaaq,77.484,-69.3632,16.03,70,100,5.75,GL,2021-09-18 15:32:35
49,Tanete,-3.9443,119.7848,74.52,84,98,7.34,ID,2021-09-18 15:32:35
50,Kaitangata,-46.2817,169.8464,37.45,93,34,4.03,NZ,2021-09-18 15:32:36
51,Kudahuvadhoo,2.6708,72.8944,83.12,74,72,8.25,MV,2021-09-18 15:32:36
52,Butaritari,3.0707,172.7902,82.33,71,2,16.4,KI,2021-09-18 15:32:36
53,Buala,-8.145,159.5921,80.1,85,82,10.25,SB,2021-09-18 15:32:37
54,Esna,25.2934,32.554,90.95,18,4,10.27,EG,2021-09-18 15:32:37
55,Katobu,-4.9408,122.5276,74.07,86,100,4.07,ID,2021-09-18 15:32:37
56,Constitucion,-35.3333,-72.4167,57.78,64,1,13.94,CL,2021-09-18 15:32:38
57,Bluff,-46.6,168.3333,39.79,89,39,11.74,NZ,2021-09-18 15:32:38
58,Clyde River,70.4692,-68.5914,32.23,69,90,9.22,CA,2021-09-18 15:32:39
59,Makakilo City,21.3469,-158.0858,74.68,77,1,5.75,US,2021-09-18 15:32:39
60,Leningradskiy,69.3833,178.4167,24.62,89,95,12.3,RU,2021-09-18 15:32:39
61,Chokwe,-24.5333,32.9833,67.53,46,100,9.44,MZ,2021-09-18 15:32:40
62,Rolla,37.9514,-91.7713,81.21,73,1,4.0,US,2021-09-18 15:32:40
63,Port Blair,11.6667,92.75,81.01,83,57,5.82,IN,2021-09-18 15:32:40
64,Victor Harbor,-35.5667,138.6167,55.49,80,11,17.56,AU,2021-09-18 15:32:41
65,Orel-Izumrud,43.4583,39.9244,71.62,73,20,2.24,RU,2021-09-18 15:32:41
66,Bethel,41.3712,-73.414,79.41,79,40,4.61,US,2021-09-18 15:32:41
67,Vao,-22.6667,167.4833,68.38,60,35,15.14,NC,2021-09-18 15:32:41
68,Miloslavskoye,53.5815,39.4399,49.3,43,100,10.07,RU,2021-09-18 15:32:42
69,Selikhino,50.3672,137.4996,42.64,71,2,7.02,RU,2021-09-18 15:32:42
70,Ancud,-41.8697,-73.8203,50.43,70,94,4.9,CL,2021-09-18 15:32:43
71,Vaini,-21.2,-175.2,73.56,94,75,3.44,TO,2021-09-18 15:32:58
72,Albany,42.6001,-73.9662,78.8,82,32,6.49,US,2021-09-18 15:32:09
73,Kysyl-Syr,63.8986,122.7617,37.87,68,100,9.48,RU,2021-09-18 15:32:58
74,Tuktoyaktuk,69.4541,-133.0374,37.4,100,90,6.91,CA,2021-09-18 15:32:59
75,Katsuura,35.1333,140.3,77.02,93,53,7.18,JP,2021-09-18 15:32:59
76,Avarua,-21.2078,-159.775,71.65,83,20,3.44,CK,2021-09-18 15:32:59
77,Zhezkazgan,47.8043,67.7144,60.69,28,56,8.21,KZ,2021-09-18 15:32:59
78,Porto Santo,33.072,-16.3415,75.58,60,20,14.97,PT,2021-09-18 15:33:00
79,El Astillero,43.4009,-3.8205,68.74,70,20,17.27,ES,2021-09-18 15:33:00
80,Tasiilaq,65.6145,-37.6368,41.16,67,25,2.75,GL,2021-09-18 15:33:00
81,Paamiut,61.994,-49.6678,36.05,82,57,16.51,GL,2021-09-18 15:33:01
82,Saint-Augustin,51.226,-58.6502,69.48,66,35,22.68,CA,2021-09-18 15:33:01
83,Chokurdakh,70.6333,147.9167,24.82,86,14,6.53,RU,2021-09-18 15:33:01
84,Yulara,-25.2406,130.9889,58.84,51,0,5.75,AU,2021-09-18 15:33:02
85,Lichinga,-13.3128,35.2406,71.69,68,40,11.5,MZ,2021-09-18 15:33:02
86,Pangnirtung,66.1451,-65.7125,35.6,51,90,3.44,CA,2021-09-18 15:33:02
87,Saint George,37.1041,-113.5841,81.07,37,1,1.01,US,2021-09-18 15:33:03
88,Arraial Do Cabo,-22.9661,-42.0278,82.36,73,75,14.97,BR,2021-09-18 15:33:03
89,Linjiang,41.8069,126.9078,56.61,76,100,1.83,CN,2021-09-18 15:33:03
90,Carnarvon,-24.8667,113.6333,64.47,68,0,20.71,AU,2021-09-18 15:33:04
91,San Patricio,28.017,-97.5169,88.52,52,0,4.54,US,2021-09-18 15:33:04
92,Hilo,19.7297,-155.09,72.28,89,75,3.44,US,2021-09-18 15:33:04
93,Haines Junction,60.7522,-137.5108,31.95,93,100,1.14,CA,2021-09-18 15:33:05
94,Bengkulu,-3.8004,102.2655,76.15,90,68,8.34,ID,2021-09-18 15:33:06
95,Alta Floresta,-9.8756,-56.0861,85.82,66,0,5.75,BR,2021-09-18 15:33:06
96,East London,-33.0153,27.9116,63.54,59,0,17.27,ZA,2021-09-18 15:33:21
97,Ilebo,-4.3167,20.5833,86.14,48,94,3.24,CD,2021-09-18 15:33:21
98,Tiarei,-17.5333,-149.3333,71.62,76,28,21.88,PF,2021-09-18 15:33:22
99,Yellowknife,62.456,-114.3525,43.32,81,75,11.5,CA,2021-09-18 15:32:45
100,Fortuna,40.5982,-124.1573,63.93,65,90,10.0,US,2021-09-18 15:33:22
101,Laguna,38.421,-121.4238,64.22,85,1,5.99,US,2021-09-18 15:33:23
102,Esperance,-33.8667,121.9,57.04,80,90,12.24,AU,2021-09-18 15:33:23
103,Mar Del Plata,-38.0023,-57.5575,62.62,63,0,6.91,AR,2021-09-18 15:30:07
104,Beloyarskiy,63.7119,66.6722,33.89,97,100,15.01,RU,2021-09-18 15:33:24
105,Saint-Pierre,-21.3393,55.4781,73.29,73,90,5.75,RE,2021-09-18 15:33:24
106,Lagoa,39.05,-27.9833,66.7,65,100,9.53,PT,2021-09-18 15:33:24
107,Teyateyaneng,-29.1472,27.7489,60.96,27,0,7.85,LS,2021-09-18 15:33:25
108,Kruisfontein,-34.0033,24.7314,60.89,67,77,18.97,ZA,2021-09-18 15:33:25
109,Canavieiras,-15.675,-38.9472,80.56,57,44,8.1,BR,2021-09-18 15:33:25
110,Sitka,57.0531,-135.33,49.89,87,90,0.0,US,2021-09-18 15:28:46
111,Vila Velha,-20.3297,-40.2925,84.15,48,0,14.97,BR,2021-09-18 15:33:26
112,Nemuro,43.3236,145.575,59.45,97,100,13.56,JP,2021-09-18 15:33:33
113,Samarai,-10.6167,150.6667,78.15,86,98,21.39,PG,2021-09-18 15:33:34
114,Baykit,61.67,96.37,50.83,99,100,2.59,RU,2021-09-18 15:33:34
115,Olavarria,-36.8927,-60.3225,69.55,56,27,5.82,AR,2021-09-18 15:30:09
116,Padang,-0.9492,100.3543,73.45,93,100,4.43,ID,2021-09-18 15:31:10
117,Shache,38.4167,77.2406,77.58,13,0,7.07,CN,2021-09-18 15:33:34
118,Tiksi,71.6872,128.8694,34.56,76,100,16.2,RU,2021-09-18 15:33:35
119,Morgantown,39.6295,-79.9559,81.18,79,75,3.44,US,2021-09-18 15:30:37
120,Iralaya,15.0,-83.2333,87.89,68,89,12.82,HN,2021-09-18 15:33:35
121,Bathsheba,13.2167,-59.5167,90.21,58,20,13.8,BB,2021-09-18 15:33:35
122,Murchison,-41.8,172.3333,42.87,97,98,0.89,NZ,2021-09-18 15:33:36
123,Ryotsu,38.0833,138.4333,69.69,82,52,12.06,JP,2021-09-18 15:33:36
124,Cidreira,-30.1811,-50.2056,69.39,82,32,5.26,BR,2021-09-18 15:33:36
125,Cabo San Lucas,22.8909,-109.9124,84.61,80,75,0.0,MX,2021-09-18 15:33:37
126,Saldanha,-33.0117,17.9442,62.65,82,22,11.83,ZA,2021-09-18 15:33:37
127,Taunggyi,20.7833,97.0333,63.59,97,100,2.75,MM,2021-09-18 15:33:37
128,Gladstone,-23.85,151.25,60.73,77,0,3.44,AU,2021-09-18 15:33:39
129,Port Elizabeth,-33.918,25.5701,63.1,63,0,19.57,ZA,2021-09-18 15:33:39
130,Thompson,55.7435,-97.8558,50.16,81,90,4.61,CA,2021-09-18 15:30:45
131,Port Hardy,50.6996,-127.4199,50.18,93,90,3.44,CA,2021-09-18 15:33:39
132,Tual,-5.6667,132.75,79.95,81,100,20.42,ID,2021-09-18 15:33:40
133,Lebu,-37.6167,-73.65,53.47,60,97,8.12,CL,2021-09-18 15:33:40
134,Hambantota,6.1241,81.1185,82.74,89,0,4.61,LK,2021-09-18 15:33:40
135,Hasaki,35.7333,140.8333,75.6,92,85,14.03,JP,2021-09-18 15:33:41
136,Dubbo,-32.25,148.6167,41.13,100,90,0.0,AU,2021-09-18 15:29:23
137,Vila,42.0304,-8.1588,62.33,53,4,7.58,PT,2021-09-18 15:33:41
138,The Pas,53.8251,-101.2541,55.42,62,40,10.38,CA,2021-09-18 15:33:41
139,Port Lincoln,-34.7333,135.8667,54.3,74,13,16.73,AU,2021-09-18 15:30:44
140,San Carlos De Bariloche,-41.1456,-71.3082,44.35,49,40,9.22,AR,2021-09-18 15:33:42
141,Nuuk,64.1835,-51.7216,39.81,60,20,6.91,GL,2021-09-18 15:33:42
142,Kangaatsiaq,68.3065,-53.4641,29.79,58,7,9.44,GL,2021-09-18 15:33:42
143,Jiujiang,29.7333,115.9833,77.11,77,0,4.68,CN,2021-09-18 15:33:58
144,Kloulklubed,7.0419,134.2556,77.5,88,100,9.15,PW,2021-09-18 15:33:58
145,Kahului,20.8947,-156.47,74.46,82,75,11.5,US,2021-09-18 15:33:58
146,Magadi,12.9667,77.2333,83.37,69,99,8.16,IN,2021-09-18 15:33:59
147,Nome,64.5011,-165.4064,44.67,71,90,14.97,US,2021-09-18 15:33:16
148,Cabra,37.4725,-4.4421,87.24,29,0,12.37,ES,2021-09-18 15:33:59
149,Nanortalik,60.1432,-45.2371,40.91,93,100,12.8,GL,2021-09-18 15:33:59
150,Longyearbyen,78.2186,15.6401,46.24,71,75,24.16,SJ,2021-09-18 15:34:00
151,Cabedelo,-6.9811,-34.8339,86.67,57,14,16.55,BR,2021-09-18 15:29:10
152,Deputatskiy,69.3,139.9,23.85,97,100,12.44,RU,2021-09-18 15:34:00
153,Bredasdorp,-34.5322,20.0403,66.27,67,56,20.71,ZA,2021-09-18 15:34:01
154,Hualmay,-11.0964,-77.6139,65.26,70,59,8.16,PE,2021-09-18 15:34:01
155,Lorengau,-2.0226,147.2712,81.12,81,89,8.08,PG,2021-09-18 15:34:01
156,Namibe,-15.1961,12.1522,66.27,72,14,13.73,AO,2021-09-18 15:34:02
157,Linhares,-19.3911,-40.0722,89.04,27,0,6.76,BR,2021-09-18 15:30:07
158,Iqaluit,63.7506,-68.5145,35.33,93,90,4.61,CA,2021-09-18 15:30:13
159,San Quintin,30.4833,-115.95,70.29,74,1,13.22,MX,2021-09-18 15:34:02
160,Nelson Bay,-32.7167,152.15,58.68,88,49,9.26,AU,2021-09-18 15:34:03
161,Santa Catarina De Tepehuanes,25.35,-105.7333,72.82,44,5,7.56,MX,2021-09-18 15:34:03
162,Hovd,48.0056,91.6419,60.04,36,44,9.37,MN,2021-09-18 15:34:03
163,Maceio,-9.6658,-35.7353,85.44,65,75,12.66,BR,2021-09-18 15:29:05
164,Rio Gallegos,-51.6226,-69.2181,42.85,75,90,10.36,AR,2021-09-18 15:34:04
165,Kapaa,22.0752,-159.319,75.18,78,86,14.07,US,2021-09-18 15:34:04
166,Severo-Kurilsk,50.6789,156.125,48.52,87,16,8.23,RU,2021-09-18 15:34:04
167,Joao Camara,-5.5375,-35.8197,85.24,26,18,16.6,BR,2021-09-18 15:34:05
168,Georgetown,5.4112,100.3354,78.89,93,40,3.44,MY,2021-09-18 15:30:14
169,Hami,42.8,93.45,74.59,20,37,6.42,CN,2021-09-18 15:34:12
170,Manacapuru,-3.2997,-60.6206,89.85,52,52,1.23,BR,2021-09-18 15:34:12
171,Puerto Leguizamo,-0.1934,-74.7819,88.41,52,72,2.1,CO,2021-09-18 15:34:12
172,Saskylakh,71.9167,114.0833,24.73,97,88,3.29,RU,2021-09-18 15:34:13
173,Hirara,24.8,125.2833,82.63,80,8,9.42,JP,2021-09-18 15:34:13
174,Mandera,3.9366,41.867,92.79,29,47,13.4,KE,2021-09-18 15:34:13
175,Klaksvik,62.2266,-6.589,54.52,86,100,18.12,FO,2021-09-18 15:34:14
176,Airai,-8.9266,125.4092,58.33,65,97,2.89,TL,2021-09-18 15:34:14
177,Cherskiy,68.75,161.3,29.26,80,100,12.06,RU,2021-09-18 15:34:15
178,Korla,41.7597,86.1469,74.77,23,4,2.89,CN,2021-09-18 15:34:15
179,Dingle,10.9995,122.6711,75.9,91,42,1.95,PH,2021-09-18 15:34:15
180,Kodinsk,58.6881,99.1844,51.75,89,100,3.98,RU,2021-09-18 15:34:15
181,Poddorye,57.4695,31.1156,47.05,60,97,9.1,RU,2021-09-18 15:34:16
182,Sibu,2.3,111.8167,75.51,94,40,3.44,MY,2021-09-18 15:34:16
183,Tucumcari,35.1717,-103.725,69.94,68,1,4.61,US,2021-09-18 15:33:07
184,Amapa,1.0,-52.0,94.93,37,100,3.83,BR,2021-09-18 15:34:17
185,Zhigalovo,54.8097,105.1578,45.93,77,49,2.93,RU,2021-09-18 15:34:17
186,Melo,-32.3667,-54.1833,67.23,74,100,5.55,UY,2021-09-18 15:34:18
187,Susa,35.8254,10.637,106.32,49,0,17.27,TN,2021-09-18 15:34:18
188,Lardos,36.0942,28.0157,80.94,65,0,11.01,GR,2021-09-18 15:34:19
189,Necochea,-38.5473,-58.7368,69.04,53,96,4.83,AR,2021-09-18 15:30:07
190,Aswan,24.0934,32.907,92.23,16,13,8.19,EG,2021-09-18 15:34:19
191,Inirida,3.8653,-67.9239,78.24,89,94,4.12,CO,2021-09-18 15:34:20
192,Cape Town,-33.9258,18.4232,76.87,39,0,3.0,ZA,2021-09-18 15:32:03
193,Acarau,-2.8856,-40.12,89.53,51,0,19.55,BR,2021-09-18 15:34:21
194,Sumbe,-11.2061,13.8437,72.81,78,43,8.52,AO,2021-09-18 15:34:21
195,Male,4.1748,73.5089,84.15,84,75,10.36,MV,2021-09-18 15:34:40
196,Imeni Poliny Osipenko,52.4201,136.4853,42.98,59,29,8.86,RU,2021-09-18 15:34:41
197,Khatanga,71.9667,102.5,27.57,75,17,11.56,RU,2021-09-18 15:34:41
198,Tazovskiy,67.4667,78.7,42.13,92,100,4.99,RU,2021-09-18 15:34:42
199,Victoria,22.2855,114.1577,87.33,79,95,1.01,HK,2021-09-18 15:34:28
200,Ponta Do Sol,32.6667,-17.1,77.13,70,74,7.07,PT,2021-09-18 15:34:42
201,San Policarpo,12.1791,125.5072,81.52,79,97,4.99,PH,2021-09-18 15:34:43
202,Ostrovnoy,68.0531,39.5131,39.51,85,62,2.93,RU,2021-09-18 15:34:44
203,Shingu,33.7333,135.9833,76.91,86,4,6.69,JP,2021-09-18 15:34:44
204,Ponta Delgada,37.7333,-25.6667,72.32,56,75,9.22,PT,2021-09-18 15:31:31
205,Yumen,40.2833,97.2,67.93,27,99,11.3,CN,2021-09-18 15:34:45
206,Codrington,-38.2667,141.9667,46.62,82,94,15.68,AU,2021-09-18 15:34:45
207,Mahebourg,-20.4081,57.7,72.25,73,75,4.61,MU,2021-09-18 15:34:46
208,Mezen,65.8522,44.24,41.2,69,100,4.76,RU,2021-09-18 15:34:47
209,Faanui,-16.4833,-151.75,77.65,76,14,21.81,PF,2021-09-18 15:34:55
210,Nador,35.174,-2.9287,87.87,47,0,9.22,MA,2021-09-18 15:31:56
211,Dumas,35.8656,-101.9732,77.67,73,1,0.0,US,2021-09-18 15:34:56
212,Eyl,7.9803,49.8164,78.62,80,2,28.52,SO,2021-09-18 15:34:56
213,Moron,-34.6534,-58.6198,75.94,71,3,5.28,AR,2021-09-18 15:33:03
214,Singaraja,-8.112,115.0882,78.64,81,18,4.23,ID,2021-09-18 15:34:56
215,Gwadar,25.1216,62.3254,81.52,86,1,8.97,PK,2021-09-18 15:34:57
216,Mount Isa,-20.7333,139.5,78.57,36,2,13.8,AU,2021-09-18 15:34:57
217,Chepareria,1.3077,35.2039,62.85,90,100,2.89,KE,2021-09-18 15:34:57
218,Namatanai,-3.6667,152.4333,79.32,80,96,7.67,PG,2021-09-18 15:34:58
219,Krasnyy Chikoy,50.3643,108.7512,49.59,85,0,2.48,RU,2021-09-18 15:34:58
220,Sonoita,31.85,-112.8333,86.52,56,44,8.05,MX,2021-09-18 15:34:59
221,Lima,-12.0432,-77.0282,58.14,88,90,3.44,PE,2021-09-18 15:30:50
222,Goundam,16.4145,-3.6708,103.17,18,64,5.79,ML,2021-09-18 15:34:59
223,Kango,0.1943,10.0951,82.31,74,99,3.76,GA,2021-09-18 15:34:59
224,Alpena,45.0617,-83.4327,66.34,61,1,4.0,US,2021-09-18 15:33:34
225,Kaeo,-35.1,173.7833,45.32,93,7,3.67,NZ,2021-09-18 15:35:00
226,Ust-Kuyga,70.0167,135.6,30.07,87,100,18.54,RU,2021-09-18 15:35:00
227,Camapua,-19.5314,-54.0439,100.94,15,72,8.86,BR,2021-09-18 15:35:00
228,Kapit,2.0167,112.9333,74.61,100,100,2.53,MY,2021-09-18 15:35:01
229,Khash,28.2211,61.2158,80.94,9,11,8.39,IR,2021-09-18 15:35:01
230,Santa Vitoria Do Palmar,-33.5189,-53.3681,69.89,62,33,6.26,BR,2021-09-18 15:35:01
231,Lasa,46.6166,10.7002,77.88,54,62,2.28,IT,2021-09-18 15:35:02
232,Seoul,37.5683,126.9778,72.84,83,0,2.3,KR,2021-09-18 15:33:28
233,Provideniya,64.3833,-173.3,40.48,84,28,7.99,RU,2021-09-18 15:35:04
234,Carberry,49.8689,-99.3602,61.65,33,37,15.66,CA,2021-09-18 15:35:04
235,Taoudenni,22.6783,-3.9836,111.06,8,36,5.37,ML,2021-09-18 15:35:04
236,Melita,49.2681,-100.9967,64.54,33,35,17.29,CA,2021-09-18 15:33:29
237,Touros,-5.1989,-35.4608,86.9,50,36,19.75,BR,2021-09-18 15:31:39
238,Olafsvik,64.8945,-23.7142,48.33,65,100,12.57,IS,2021-09-18 15:35:05
239,Talcahuano,-36.7167,-73.1167,53.28,71,0,10.36,CL,2021-09-18 15:35:05
240,Aykhal,66.0,111.5,27.63,80,9,2.84,RU,2021-09-18 15:35:05
241,College,64.8569,-147.8028,39.29,88,75,0.0,US,2021-09-18 15:35:06
242,Pacific Grove,36.6177,-121.9166,60.51,85,2,1.99,US,2021-09-18 15:35:06
243,Inhambane,-23.865,35.3833,71.58,53,40,9.22,MZ,2021-09-18 15:35:15
244,Atikokan,48.7555,-91.6216,61.23,42,88,9.46,CA,2021-09-18 15:35:15
245,La Ronge,55.1001,-105.2842,50.25,71,90,6.91,CA,2021-09-18 15:35:16
246,Warrnambool,-38.3833,142.4833,48.81,78,100,19.08,AU,2021-09-18 15:35:16
247,Barrow,71.2906,-156.7887,30.22,93,90,10.36,US,2021-09-18 15:35:16
248,Latung,5.5,120.8833,82.63,73,27,4.72,PH,2021-09-18 15:35:17
249,Puerto Escondido,15.85,-97.0667,83.23,69,90,3.44,MX,2021-09-18 15:35:17
250,Comodoro Rivadavia,-45.8667,-67.5,51.66,54,20,17.27,AR,2021-09-18 15:35:18
251,Luderitz,-26.6481,15.1594,58.78,77,31,11.92,NA,2021-09-18 15:35:18
252,Isabela,6.7085,121.9711,78.85,83,13,2.93,PH,2021-09-18 15:35:18
253,Opuwo,-18.0607,13.84,89.04,11,2,14.0,NA,2021-09-18 15:35:19
254,Japura,-0.3167,102.35,73.76,97,34,2.21,ID,2021-09-18 15:35:19
255,Blagoyevo,63.3667,47.9167,38.98,75,99,9.78,RU,2021-09-18 15:35:19
256,Sawakin,19.1059,37.3321,88.97,55,37,10.54,SD,2021-09-18 15:35:20
257,Jinchang,38.4953,102.1739,63.91,51,100,8.86,CN,2021-09-18 15:35:20
258,Saint-Francois,46.4154,3.9054,74.64,57,40,2.3,FR,2021-09-18 15:35:20
259,Anloga,5.7947,0.8973,86.22,78,100,12.77,GH,2021-09-18 15:35:21
260,Rocha,-34.4833,-54.3333,70.57,58,1,4.59,UY,2021-09-18 15:33:26
261,Bosaso,11.2842,49.1816,89.92,58,6,1.39,SO,2021-09-18 15:33:31
262,Eyemouth,55.8713,-2.0901,62.82,87,78,5.01,GB,2021-09-18 15:35:21
263,Kasongo-Lunda,-6.4667,16.8167,87.8,45,82,2.51,CD,2021-09-18 15:35:21
264,Warwick,41.7001,-71.4162,75.31,87,90,9.22,US,2021-09-18 15:35:22
265,Byron Bay,-28.65,153.6167,68.11,74,100,6.82,AU,2021-09-18 15:35:22
266,Lompoc,34.6391,-120.4579,61.11,82,90,0.0,US,2021-09-18 15:34:11
267,Jardim,-21.4803,-56.1381,104.36,16,36,7.49,BR,2021-09-18 15:35:23
268,Batsfjord,70.6345,29.7185,44.28,72,2,14.88,NO,2021-09-18 15:35:23
269,Varhaug,58.6147,5.6457,60.89,68,100,24.61,NO,2021-09-18 15:35:23
270,Changji,44.0167,87.3167,77.79,22,0,8.95,CN,2021-09-18 15:35:24
271,Akyab,20.15,92.9,79.7,84,100,5.64,MM,2021-09-18 15:35:24
272,Alofi,-19.0595,-169.9187,75.09,94,12,3.44,NU,2021-09-18 15:35:24
273,Ibra,22.6906,58.5334,87.71,49,67,13.38,OM,2021-09-18 15:34:01
274,Carlsbad,33.1581,-117.3506,72.72,83,20,1.01,US,2021-09-18 15:34:00
275,Koutsouras,35.0339,25.9469,81.79,58,0,4.36,GR,2021-09-18 15:35:25
276,Hurricane,37.1753,-113.2899,79.14,36,38,3.02,US,2021-09-18 15:35:25
277,Flinders,-34.5833,150.8552,55.8,65,0,1.01,AU,2021-09-18 15:35:26
278,Arman,59.7,150.1667,49.62,94,100,15.59,RU,2021-09-18 15:35:26
279,Dedza,-14.3779,34.3332,65.3,64,95,6.91,MW,2021-09-18 15:35:33
280,Puri,19.8,85.85,79.32,81,100,7.34,IN,2021-09-18 15:35:34
281,Cenotillo,20.9667,-88.6167,92.14,45,65,8.28,MX,2021-09-18 15:35:34
282,Pryozerne,45.2698,36.3303,68.14,60,94,11.86,UA,2021-09-18 15:35:34
283,Dunedin,-45.8742,170.5036,44.8,81,50,7.9,NZ,2021-09-18 15:35:35
284,Dakar,14.6937,-17.4441,86.88,79,40,16.11,SN,2021-09-18 15:31:52
285,Puerto Ayora,-0.7393,-90.3518,76.96,93,95,8.01,EC,2021-09-18 15:35:35
286,Fairbanks,64.8378,-147.7164,39.31,88,90,4.61,US,2021-09-18 15:35:13
287,Vila Franca Do Campo,37.7167,-25.4333,72.01,60,93,7.11,PT,2021-09-18 15:35:35
288,Qaqortoq,60.7167,-46.0333,41.5,87,100,5.14,GL,2021-09-18 15:35:36
289,Ichhawar,23.0167,77.0167,75.29,94,100,6.73,IN,2021-09-18 15:35:36
290,Cumberland,35.0502,-78.8664,86.11,69,40,5.75,US,2021-09-18 15:35:36
291,Samana,19.2056,-69.3369,84.16,78,40,4.61,DO,2021-09-18 15:35:36
292,Daud Khel,32.875,71.5701,96.62,34,0,1.66,PK,2021-09-18 15:35:37
293,Kiruna,67.8557,20.2251,40.12,70,90,16.11,SE,2021-09-18 15:35:37
294,Faya,18.3851,42.4509,80.71,33,37,4.63,SA,2021-09-18 15:35:37
295,Petropavlovsk-Kamchatskiy,53.0452,158.6483,36.19,87,0,4.47,RU,2021-09-18 15:35:38
296,Kavaratti,10.5669,72.642,81.82,78,85,10.71,IN,2021-09-18 15:35:38
297,Scicli,36.7902,14.7014,90.1,51,34,7.14,IT,2021-09-18 15:35:38
298,Ketchikan,55.3422,-131.6461,48.67,93,90,3.44,US,2021-09-18 15:35:17
299,Oudtshoorn,-33.5907,22.2014,59.36,34,74,7.76,ZA,2021-09-18 15:35:39
300,Colares,38.7992,-9.4469,76.68,50,20,26.46,PT,2021-09-18 15:35:39
301,Chase,50.8165,-119.6857,55.15,92,100,4.21,CA,2021-09-18 15:35:40
302,Mehamn,71.0357,27.8492,46.0,70,0,10.2,NO,2021-09-18 15:35:40
303,Paita,-5.0892,-81.1144,70.36,70,16,11.68,PE,2021-09-18 15:35:40
304,Puerto Cabezas,14.0351,-83.3888,87.76,70,40,9.22,NI,2021-09-18 15:35:40
305,Taltal,-25.4,-70.4833,63.64,65,97,7.74,CL,2021-09-18 15:35:41
306,Puksoozero,62.5903,40.6066,39.25,72,100,3.87,RU,2021-09-18 15:35:41
307,Kavieng,-2.5744,150.7967,82.67,78,19,13.78,PG,2021-09-18 15:35:41
308,Owando,-0.4819,15.8999,82.72,63,100,4.36,CG,2021-09-18 15:35:42
309,Grindavik,63.8424,-22.4338,46.87,93,90,14.97,IS,2021-09-18 15:35:42
310,Toamasina,-18.1667,49.3833,77.0,78,75,11.5,MG,2021-09-18 15:35:23
311,Buraydah,26.326,43.975,100.85,12,11,9.42,SA,2021-09-18 15:35:42
312,Pandan,14.0453,124.1694,80.91,86,91,7.54,PH,2021-09-18 15:35:43
313,Gimli,50.6336,-96.9907,63.43,51,75,20.71,CA,2021-09-18 15:35:43
314,Isangel,-19.55,169.2667,64.51,88,31,2.3,VU,2021-09-18 15:35:58
315,Hay River,60.8156,-115.7999,42.78,87,75,5.75,CA,2021-09-18 15:33:25
316,Buta,2.7858,24.73,77.2,71,100,2.21,CD,2021-09-18 15:36:00
317,Hecun,36.5333,114.1111,58.42,98,100,7.7,CN,2021-09-18 15:36:00
318,Kendari,-3.945,122.4989,75.25,84,100,1.88,ID,2021-09-18 15:36:00
319,Coihaique,-45.5752,-72.0662,48.81,83,99,5.32,CL,2021-09-18 15:31:35
320,Pabna,24.0,89.25,79.34,92,100,6.29,BD,2021-09-18 15:36:01
321,Lebanon,36.2081,-86.2911,74.21,79,90,5.75,US,2021-09-18 15:36:01
322,Emerald,-23.5333,148.1667,64.54,55,0,8.05,AU,2021-09-18 15:36:01
323,Coachella,33.6803,-116.1739,93.11,22,19,7.14,US,2021-09-18 15:36:02
324,Moose Factory,51.2585,-80.6094,53.6,71,75,10.36,CA,2021-09-18 15:36:02
325,Marsh Harbour,26.5412,-77.0636,83.35,69,9,4.85,BS,2021-09-18 15:35:31
326,Chaozhou,23.6651,116.6379,82.26,91,4,2.17,CN,2021-09-18 15:36:03
327,Coquimbo,-29.9533,-71.3436,56.93,76,75,12.66,CL,2021-09-18 15:31:31
328,Kyaikto,17.3,97.0167,78.22,89,70,3.04,MM,2021-09-18 15:36:04
329,Carballo,43.213,-8.691,69.76,59,52,5.95,ES,2021-09-18 15:36:04
330,Traverse City,44.7631,-85.6206,67.84,55,20,0.0,US,2021-09-18 15:36:04
331,Aklavik,68.2191,-135.0107,41.83,100,90,3.44,CA,2021-09-18 15:36:04
332,Guiratinga,-16.3494,-53.7583,101.3,11,2,7.27,BR,2021-09-18 15:36:06
333,Clarence Town,-32.5833,151.7833,58.55,96,48,3.24,AU,2021-09-18 15:36:06
334,Sungaipenuh,-2.0833,101.3833,64.92,99,100,1.14,ID,2021-09-18 15:36:06
335,Paarl,-33.7338,18.9752,72.72,47,2,3.94,ZA,2021-09-18 15:36:16
336,Igarka,67.4667,86.5833,45.09,86,100,22.26,RU,2021-09-18 15:36:16
337,Kautokeino,69.0125,23.0412,42.8,68,23,17.2,NO,2021-09-18 15:36:16
338,Kapoeta,4.7717,33.5903,73.96,80,90,5.44,SS,2021-09-18 15:36:17
339,Vardo,70.3705,31.1107,46.45,74,5,12.64,NO,2021-09-18 15:36:17
340,Santa Marta,11.2408,-74.199,90.34,67,36,10.22,CO,2021-09-18 15:35:17
341,Ishigaki,24.3448,124.1572,83.79,74,4,6.82,JP,2021-09-18 15:36:17
342,Karoi,-16.8099,29.6925,70.74,51,94,11.25,ZW,2021-09-18 15:36:18
343,Kabanjahe,3.1001,98.4908,65.16,96,93,2.59,ID,2021-09-18 15:36:18
344,Keflavik,64.0049,-22.5624,47.52,93,90,14.97,IS,2021-09-18 15:36:19
345,Maumere,-8.6199,122.2111,78.04,72,61,2.66,ID,2021-09-18 15:36:19
346,Baishishan,43.5833,127.5667,56.05,93,97,2.48,CN,2021-09-18 15:36:19
347,Beatrice,40.2681,-96.747,73.38,68,1,5.75,US,2021-09-18 15:36:19
348,Sistranda,63.7256,8.834,57.9,71,100,2.15,NO,2021-09-18 15:36:20
349,Wagrowiec,52.8084,17.1996,55.15,73,100,11.21,PL,2021-09-18 15:36:21
350,Yar-Sale,66.8333,70.8333,33.53,98,100,27.96,RU,2021-09-18 15:36:21
351,Morgan City,29.6994,-91.2068,87.01,70,24,4.7,US,2021-09-18 15:36:21
352,Gat,31.61,34.7642,83.39,35,0,12.15,IL,2021-09-18 15:32:03
353,Narsaq,60.9167,-46.05,41.22,88,97,4.43,GL,2021-09-18 15:36:22
354,Upernavik,72.7868,-56.1549,24.64,51,18,5.37,GL,2021-09-18 15:36:22
355,Aktash,50.3,87.7333,40.53,72,84,5.55,RU,2021-09-18 15:36:22
356,Vestmannaeyjar,63.4427,-20.2734,54.59,94,40,17.27,IS,2021-09-18 15:36:23
357,Sao Filipe,14.8961,-24.4956,78.69,82,68,7.23,CV,2021-09-18 15:36:23
358,Talnakh,69.4865,88.3972,41.81,86,100,4.52,RU,2021-09-18 15:36:24
359,Karratha,-20.7377,116.8463,73.92,54,0,5.73,AU,2021-09-18 15:36:24
360,Wanaka,-44.7,169.15,44.11,73,65,3.0,NZ,2021-09-18 15:36:24
361,Saint-Georges,12.0564,-61.7485,89.28,62,40,11.5,GD,2021-09-18 15:36:25
362,Ajdabiya,30.7554,20.2263,84.54,39,0,12.35,LY,2021-09-18 15:36:26
363,Kifri,34.6959,44.9661,90.79,20,0,10.47,IQ,2021-09-18 15:36:26
364,Sampit,-2.5333,112.95,74.21,95,79,3.0,ID,2021-09-18 15:36:27
365,Eydhafushi,5.1033,73.0708,82.51,77,97,11.54,MV,2021-09-18 15:36:34
366,General Pico,-35.6566,-63.7568,76.71,42,1,11.83,AR,2021-09-18 15:36:35
367,Petatlan,17.5167,-101.2667,81.77,81,100,4.52,MX,2021-09-18 15:36:36
368,Pokhara,28.2333,83.9833,72.57,93,81,0.69,NP,2021-09-18 15:33:04
369,Muros,42.7762,-9.0603,74.16,61,31,11.86,ES,2021-09-18 15:36:37
370,Hommelvik,63.4108,10.7942,60.76,60,0,10.36,NO,2021-09-18 15:36:37
371,Manggar,-2.8833,108.2667,82.51,78,57,14.81,ID,2021-09-18 15:36:37
372,Beloha,-25.1667,45.05,63.27,53,5,9.86,MG,2021-09-18 15:36:38
373,Tiznit,29.5833,-9.5,78.73,51,0,9.1,MA,2021-09-18 15:32:21
374,Yook,13.2261,121.964,79.34,86,24,2.95,PH,2021-09-18 15:36:38
375,Geraldton,-28.7667,114.6,48.61,93,0,5.75,AU,2021-09-18 15:36:38
376,Fort Nelson,58.8053,-122.7002,40.59,93,75,2.3,CA,2021-09-18 15:36:39
377,Baker City,44.7749,-117.8344,65.19,43,1,11.5,US,2021-09-18 15:36:39
378,Myskhako,44.6714,37.7433,67.78,78,74,8.03,RU,2021-09-18 15:36:39
379,Gushikawa,26.3544,127.8686,79.83,83,1,4.61,JP,2021-09-18 15:36:40
380,Cozumel,20.5083,-86.9458,87.01,77,40,4.0,MX,2021-09-18 15:32:56
381,Kulhudhuffushi,6.6221,73.07,82.72,78,91,11.3,MV,2021-09-18 15:36:40
382,Berezovyy,51.6667,135.7,45.77,54,100,13.22,RU,2021-09-18 15:36:40
383,San Cristobal,7.7669,-72.225,82.58,42,18,7.31,VE,2021-09-18 15:35:24
384,Emba,48.8264,58.1442,49.84,47,80,11.3,KZ,2021-09-18 15:36:41
385,Andros Town,24.7,-77.7667,87.76,67,45,9.33,BS,2021-09-18 15:36:41
386,Edd,13.9297,41.6925,90.82,58,8,12.28,ER,2021-09-18 15:36:42
387,Fairburn,33.5671,-84.581,82.02,80,75,6.91,US,2021-09-18 15:36:30
388,Sao Gabriel Da Cachoeira,-0.1303,-67.0892,82.2,83,40,5.75,BR,2021-09-18 15:36:42
389,Nkhotakota,-12.9274,34.2961,83.44,45,43,15.32,MW,2021-09-18 15:36:42
390,Chicama,-7.8447,-79.1469,57.74,61,44,8.77,PE,2021-09-18 15:36:43
391,Egvekinot,66.3167,-179.1667,32.07,75,9,3.22,RU,2021-09-18 15:36:43
392,Agirish,61.9247,63.0231,33.96,97,100,14.36,RU,2021-09-18 15:36:43
393,Oriximina,-1.7656,-55.8661,95.83,39,99,4.36,BR,2021-09-18 15:36:44
394,Saint Marys,30.7305,-81.5465,87.06,69,75,1.99,US,2021-09-18 15:36:58
395,Vajszlo,45.8596,17.9841,73.29,41,98,5.53,HU,2021-09-18 15:36:59
396,San Carlos,9.6612,-68.5827,86.95,60,38,4.47,VE,2021-09-18 15:36:59
397,Salalah,17.0151,54.0924,80.69,94,75,8.05,OM,2021-09-18 15:35:03
398,Souillac,-20.5167,57.5167,72.36,73,75,4.61,MU,2021-09-18 15:36:59
399,Port Augusta,-32.5,137.7667,46.54,76,1,1.21,AU,2021-09-18 15:37:00
400,Mount Gambier,-37.8333,140.7667,46.31,87,75,13.8,AU,2021-09-18 15:37:00
401,Ginda,30.6945,78.4932,65.35,98,70,0.51,IN,2021-09-18 15:37:01
402,Angoche,-16.2325,39.9086,74.46,79,43,14.43,MZ,2021-09-18 15:37:01
403,Kijang,35.2442,129.2139,69.53,83,11,8.68,KR,2021-09-18 15:37:01
404,Sorland,67.667,12.6934,51.58,76,100,20.31,NO,2021-09-18 15:37:01
405,La Roche-Sur-Yon,46.6667,-1.4333,69.24,52,40,10.36,FR,2021-09-18 15:37:02
406,Esso,55.9333,158.7,43.36,73,99,3.49,RU,2021-09-18 15:37:02
407,Asau,46.4333,26.4,65.75,66,12,5.86,RO,2021-09-18 15:37:02
408,Jeremie,18.65,-74.1167,85.53,69,90,4.12,HT,2021-09-18 15:37:03
409,Poum,-20.2333,164.0167,69.85,66,1,11.65,NC,2021-09-18 15:37:03
410,Tholen,51.5317,4.2208,74.07,50,90,8.05,NL,2021-09-18 15:37:04
411,Verkhnyaya Inta,65.9811,60.3094,34.25,72,99,16.15,RU,2021-09-18 15:37:04
412,Sola,-13.8833,167.55,79.0,80,30,21.23,VU,2021-09-18 15:37:04
413,Khorinsk,52.1657,109.7726,45.9,90,0,4.07,RU,2021-09-18 15:37:04
414,Westport,41.1415,-73.3579,80.78,72,75,1.01,US,2021-09-18 15:37:05
415,Nalut,30.3333,10.85,94.86,9,0,8.5,LY,2021-09-18 15:37:05
416,Qalyub,30.1792,31.2056,88.59,31,0,17.27,EG,2021-09-18 15:37:05
417,Bang Saphan,11.2126,99.5117,77.85,85,100,4.09,TH,2021-09-18 15:37:06
418,San Jose,37.3394,-121.895,61.77,76,75,1.01,US,2021-09-18 15:33:07
419,Ronne,55.1009,14.7066,55.31,71,90,16.11,DK,2021-09-18 15:37:13
420,Kenai,60.5544,-151.2583,44.15,92,1,0.0,US,2021-09-18 15:35:16
421,Suez,29.9737,32.5263,83.07,45,0,19.57,EG,2021-09-18 15:37:14
422,Vokhtoga,58.8147,41.0461,37.38,77,60,5.01,RU,2021-09-18 15:37:14
423,Bonavista,48.6499,-53.1147,67.12,78,35,20.67,CA,2021-09-18 15:37:14
424,Fuerte Olimpo,-21.0415,-57.8738,106.27,17,35,6.64,PY,2021-09-18 15:37:15
425,Kaihua,23.3687,104.28,65.46,97,34,5.93,CN,2021-09-18 15:37:15
426,Richmond,37.5538,-77.4603,81.19,76,75,0.0,US,2021-09-18 15:37:15
427,Itacoatiara,-3.1431,-58.4442,95.76,41,19,3.83,BR,2021-09-18 15:37:15
428,San Gabriel,34.0961,-118.1058,75.78,81,40,0.0,US,2021-09-18 15:37:16
429,Gaoual,11.75,-13.2,84.79,77,80,1.72,GN,2021-09-18 15:37:16
430,Tongren,27.7172,109.1853,75.2,92,80,1.81,CN,2021-09-18 15:37:16
431,Pimentel,-6.8367,-79.9342,64.69,77,90,4.61,PE,2021-09-18 15:37:17
432,Nantucket,41.2835,-70.0995,73.51,85,90,17.27,US,2021-09-18 15:37:17
433,Cayenne,4.9333,-52.3333,89.64,76,75,3.0,GF,2021-09-18 15:37:17
434,Walvis Bay,-22.9575,14.5053,62.1,76,33,12.37,NA,2021-09-18 15:37:18
435,Wanning,18.8003,110.3967,80.17,80,0,0.56,CN,2021-09-18 15:37:18
436,Ust-Tsilma,65.441,52.1498,38.97,72,96,12.5,RU,2021-09-18 15:37:18
437,Oranjemund,-28.55,16.4333,60.76,71,3,24.58,NA,2021-09-18 15:37:19
438,Banepa,27.6298,85.5214,71.92,88,40,3.44,NP,2021-09-18 15:37:19
439,Mana,5.6592,-53.7767,84.49,71,26,6.76,GF,2021-09-18 15:37:19
440,Umm Lajj,25.0213,37.2685,83.43,68,0,7.92,SA,2021-09-18 15:32:21
441,Alvorada,-12.48,-49.1247,99.84,14,5,7.05,BR,2021-09-18 15:37:20
442,Portland,45.5234,-122.6762,59.5,94,90,1.99,US,2021-09-18 15:33:35
443,Thunder Bay,48.4001,-89.3168,60.57,73,75,0.0,CA,2021-09-18 15:33:24
444,Vostok,46.4856,135.8833,36.9,84,0,2.57,RU,2021-09-18 15:37:20
445,Malindi,-3.2175,40.1191,78.96,83,40,11.5,KE,2021-09-18 15:37:21
446,Breytovo,58.2993,37.8617,44.29,64,42,10.58,RU,2021-09-18 15:37:21
447,Olga,43.7444,135.2892,55.96,87,0,6.53,RU,2021-09-18 15:37:21
448,Vagay,57.9375,69.0217,37.17,84,81,6.38,RU,2021-09-18 15:37:22
449,Salgar,5.965,-75.9654,82.9,60,29,2.24,CO,2021-09-18 15:37:22
450,Silistea,44.3833,25.35,80.08,27,14,19.84,RO,2021-09-18 15:37:22
451,Aitape,-3.1374,142.3475,77.27,92,83,9.28,PG,2021-09-18 15:37:28
452,Krasnoselkup,65.7,82.4667,39.18,89,62,11.05,RU,2021-09-18 15:37:28
453,Hit,33.6416,42.8251,90.88,20,0,11.95,IQ,2021-09-18 15:37:29
454,Piracanjuba,-17.3028,-49.0167,93.69,14,6,9.28,BR,2021-09-18 15:37:29
455,Alice Springs,-23.7,133.8833,56.75,72,0,4.61,AU,2021-09-18 15:37:29
456,Malgrat De Mar,41.6466,2.7414,78.04,75,29,7.0,ES,2021-09-18 15:37:30
457,Chuy,-33.6971,-53.4616,68.85,65,20,6.93,UY,2021-09-18 15:37:30
458,Banda Aceh,5.5577,95.3222,79.29,81,68,0.98,ID,2021-09-18 15:37:30
459,Acapulco,16.8634,-99.8901,80.42,83,90,4.61,MX,2021-09-18 15:37:31
460,Shimoda,34.6667,138.95,75.31,89,62,4.85,JP,2021-09-18 15:37:31
461,Pochutla,15.7432,-96.4661,86.83,61,100,2.84,MX,2021-09-18 15:37:31
462,Abidjan,5.3094,-4.0197,82.36,78,20,13.8,CI,2021-09-18 15:37:32
463,Las Tunas,20.9617,-76.9511,87.93,56,89,12.03,CU,2021-09-18 15:37:32
464,Yenotayevka,47.2456,47.0281,61.61,36,8,5.19,RU,2021-09-18 15:37:32
465,Khasan,42.4308,130.6434,63.75,73,100,6.93,RU,2021-09-18 15:37:33
466,Bambous Virieux,-20.3428,57.7575,72.21,73,75,4.61,MU,2021-09-18 15:37:33
467,Ormara,25.2088,64.6357,81.1,90,21,10.98,PK,2021-09-18 15:37:34
468,Pangody,65.85,74.4859,38.95,84,100,12.93,RU,2021-09-18 15:37:34
469,Gawler,-34.6,138.7333,54.91,84,6,6.4,AU,2021-09-18 15:37:34
470,Genhe,50.7833,121.5167,35.06,71,45,2.66,CN,2021-09-18 15:37:35
471,Gonzalez,30.5816,-87.2914,80.74,96,90,1.99,US,2021-09-18 15:37:35
472,Marienburg,54.0359,19.0266,54.84,64,100,12.71,PL,2021-09-18 15:37:35
473,Bonfim,3.0833,-59.95,87.75,49,67,1.7,BR,2021-09-18 15:37:36
474,Margate,51.3813,1.3862,73.26,74,65,8.7,GB,2021-09-18 15:37:36
475,Shakawe,-18.3667,21.85,93.24,13,38,7.92,BW,2021-09-18 15:37:36
476,Kuminskiy,58.6667,66.5667,36.34,80,88,6.4,RU,2021-09-18 15:37:37
477,Tabuk,17.4189,121.4443,75.74,90,11,2.24,PH,2021-09-18 15:37:37
478,Mikkeli,61.6886,27.2723,47.14,76,75,3.44,FI,2021-09-18 15:37:38
479,Povenets,62.8487,34.8262,44.8,63,100,4.9,RU,2021-09-18 15:37:38
480,Borogontsy,62.6683,131.1683,39.16,93,100,11.68,RU,2021-09-18 15:37:38
481,Yerbogachen,61.2767,108.0108,37.76,73,73,5.12,RU,2021-09-18 15:37:39
482,Leninskoye,41.7589,69.3864,84.13,20,0,8.21,KZ,2021-09-18 15:37:39
483,Pilar,-9.5972,-35.9567,84.13,69,25,9.91,BR,2021-09-18 15:37:47
484,Maragogi,-9.0122,-35.2225,79.41,69,11,11.5,BR,2021-09-18 15:37:47
485,Helong,42.5397,128.9972,57.16,71,100,3.53,CN,2021-09-18 15:37:48
486,Bull Savanna,17.8868,-77.5902,85.57,61,70,3.38,JM,2021-09-18 15:37:48
487,Bulnes,-36.7423,-72.2985,52.68,57,9,6.4,CL,2021-09-18 15:37:48
488,Lenina,46.0667,39.7833,69.94,41,98,4.88,RU,2021-09-18 15:37:49
489,Bakurianis Andeziti,41.7337,43.4724,51.89,85,29,3.4,GE,2021-09-18 15:37:49
490,Kamennomostskiy,44.2983,40.1856,61.83,89,100,3.44,RU,2021-09-18 15:37:49
491,Poshtove,44.8311,33.9545,68.05,75,95,6.82,UA,2021-09-18 15:37:50
492,Cascais,38.6979,-9.4215,76.86,50,20,11.99,PT,2021-09-18 15:37:50
493,Aripuana,-9.1667,-60.6333,103.14,26,6,1.59,BR,2021-09-18 15:33:08
494,Araouane,18.9048,-3.5265,104.85,14,95,8.3,ML,2021-09-18 15:37:50
495,Elliot Lake,46.3834,-82.6331,59.09,41,63,4.32,CA,2021-09-18 15:37:51
496,Yaval,21.1667,75.7,76.95,87,100,7.54,IN,2021-09-18 15:37:51
497,Albury,-36.0833,146.9167,48.11,93,40,0.0,AU,2021-09-18 15:36:36
498,Ndago,-4.6,34.35,82.02,25,55,8.72,TZ,2021-09-18 15:37:52
499,Tarnogskiy Gorodok,60.4997,43.5761,37.35,78,96,5.35,RU,2021-09-18 15:37:52
500,Belaya Gora,68.5333,146.4167,30.58,89,100,14.58,RU,2021-09-18 15:37:52
501,Kuryk,43.2,51.65,69.96,30,69,10.25,KZ,2021-09-18 15:37:53
502,Coos Bay,43.3665,-124.2179,59.99,98,90,11.5,US,2021-09-18 15:37:53
503,Illapel,-31.6308,-71.1653,69.67,47,0,6.82,CL,2021-09-18 15:37:53
504,Dabakala,8.3667,-4.4333,82.09,80,84,4.25,CI,2021-09-18 15:37:54
505,Bukan,36.521,46.2089,72.28,24,0,10.74,IR,2021-09-18 15:37:54
506,La Rioja,42.25,-2.5,67.05,71,98,4.83,ES,2021-09-18 15:37:54
507,Gigmoto,13.7796,124.39,80.94,86,99,5.93,PH,2021-09-18 15:37:55
508,Matagami,49.7502,-77.6328,48.31,93,90,8.05,CA,2021-09-18 15:37:55
509,Noumea,-22.2763,166.4572,57.18,72,0,8.99,NC,2021-09-18 15:37:55
510,Rawson,-43.3002,-65.1023,58.8,35,8,5.55,AR,2021-09-18 15:37:56
511,Madimba,-10.4,40.3333,76.1,78,0,10.29,TZ,2021-09-18 15:37:56
512,Lakatoro,-16.0999,167.4164,77.2,82,67,15.79,VU,2021-09-18 15:34:08
513,Les Escoumins,48.1111,-69.0236,57.76,69,85,10.47,CA,2021-09-18 15:38:11
514,Palencia,42.4167,-4.5,68.32,29,28,11.99,ES,2021-09-18 15:38:12
515,Raudeberg,61.9875,5.1352,56.8,87,100,1.01,NO,2021-09-18 15:38:12
516,Hauterive,46.0901,3.4459,74.98,61,88,3.69,FR,2021-09-18 15:38:12
517,Tautira,-17.7333,-149.15,71.62,76,66,19.91,PF,2021-09-18 15:38:13
518,Machhlishahr,25.6833,82.4167,84.15,76,80,1.25,IN,2021-09-18 15:38:13
519,Carmen,18.6333,-91.8333,82.44,83,75,9.22,MX,2021-09-18 15:38:13
520,Novyy Urengoy,66.0833,76.6333,41.04,78,100,11.9,RU,2021-09-18 15:38:14
521,Horasan,40.0458,42.1728,63.97,34,32,2.84,TR,2021-09-18 15:38:14
522,Esil,51.9556,66.4042,45.0,73,100,14.54,KZ,2021-09-18 15:38:14
523,Maslova Pristan,50.4587,36.7408,68.4,38,100,16.17,RU,2021-09-18 15:38:14
524,Nicoya,10.1483,-85.452,83.75,71,35,3.13,CR,2021-09-18 15:38:15
525,Christchurch,-43.5333,172.6333,38.48,93,22,3.44,NZ,2021-09-18 15:35:05
526,Baringo,0.4667,35.9667,68.94,81,97,12.84,KE,2021-09-18 15:38:15
527,Nishihara,26.1842,127.7558,79.88,78,20,8.05,JP,2021-09-18 15:38:31
528,Nivala,63.9167,24.9667,46.69,70,100,2.55,FI,2021-09-18 15:38:31
529,Ko Samui,9.5357,99.9357,83.93,72,100,2.59,TH,2021-09-18 15:37:15
530,Magog,45.2668,-72.1491,75.24,83,62,6.91,CA,2021-09-18 15:35:59
531,Xique-Xique,-10.8218,-42.7263,89.37,31,0,2.1,BR,2021-09-18 15:38:31
532,Barinas,8.6226,-70.2075,82.09,55,45,5.21,VE,2021-09-18 15:38:11
533,Carson City,39.1638,-119.7674,71.31,17,1,3.0,US,2021-09-18 15:38:32
534,Sangmelima,2.9333,11.9833,76.1,87,86,2.68,CM,2021-09-18 15:38:32
535,Sembakung,3.8167,117.25,74.01,99,71,1.88,ID,2021-09-18 15:38:33
536,Carroll,39.5501,-77.0164,80.38,78,75,1.99,US,2021-09-18 15:38:33
537,Sao Borja,-28.6606,-56.0044,75.94,60,27,3.91,BR,2021-09-18 15:38:33
538,Mayo,38.8876,-76.5119,81.1,82,90,1.01,US,2021-09-18 15:38:34
539,Kuching,1.55,110.3333,75.42,100,20,3.44,MY,2021-09-18 15:38:34
540,Kabalo,-6.05,26.9167,81.91,59,97,3.49,CD,2021-09-18 15:38:34
541,Benxi,41.2886,123.765,62.92,66,100,3.06,CN,2021-09-18 15:38:35
542,Tenkodogo,11.78,-0.3697,87.39,52,83,5.64,BF,2021-09-18 15:38:35
543,Grand Island,40.925,-98.342,67.78,64,1,9.22,US,2021-09-18 15:37:00
544,Vaitape,-16.5167,-151.75,77.61,76,14,21.79,PF,2021-09-18 15:38:35
545,Akhmim,26.5622,31.745,90.21,20,0,9.78,EG,2021-09-18 15:38:36
546,Saint Anthony,45.0205,-93.218,67.93,56,1,5.99,US,2021-09-18 15:38:36
547,Kasempa,-13.4584,25.8338,87.57,15,12,8.81,ZM,2021-09-18 15:38:52
548,Bhatkal,13.9667,74.5667,78.49,88,83,3.96,IN,2021-09-18 15:38:52
549,High Prairie,55.4334,-116.4858,46.85,71,100,4.32,CA,2021-09-18 15:38:53
550,Karaton,-6.3424,106.1045,82.56,85,3,1.66,ID,2021-09-18 15:38:53
551,Mecca,21.4267,39.8261,92.48,26,45,12.41,SA,2021-09-18 15:38:40
552,Quatre Cocos,-20.2078,57.7625,72.09,73,19,8.48,MU,2021-09-18 15:38:54
